﻿Designator,Footprint,Quantity,Value,LCSC Part #
A1,Arduino_UNO_R2,1,Arduino_UNO_R2,
C5,1206,1,100n,
"C7, C8",1206,2,0.1u,
J1,TerminalBlock_bornier-2_P5.08mm,1,Screw_Terminal_01x02,
J2,PinHeader_1x02_P2.54mm_Vertical,1,Conn_01x02,
J3,PinHeader_1x07_P2.54mm_Vertical,1,Conn_01x07,
JP2,SolderJumper-3_P1.3mm_Open_RoundedPad1.0x1.5mm_NumberLabels,1,Jumper_3_Bridged12,
Q2,TO-220-3_Vertical,1,BS170,
"R1, R10, R11, R12",1206,4,10k,
"R2, R9",1206,2,2k,
"R3, R4",1206,2,3k3,
"R_SHUNT3, R_SHUNT4",2512,2,0.04, C2904248
U3,DIP-8_W7.62mm_LongPads,1,LM358,C18164495
U4,SOIC-8_3.9x4.9mm_P1.27mm,1,INA219AxD,C2155799
